Picture Series;Picture;Price;Gallery;Link
0;0;0,2;KPR;https://opensea.io/assets/ethereum/0xcb1021080b61dac7032618de925a62176cbc8372/1291
0;1;0,17;KPR;https://opensea.io/assets/ethereum/0xcb1021080b61dac7032618de925a62176cbc8372/1596
0;2;0,1499;KPR;https://opensea.io/assets/ethereum/0xcb1021080b61dac7032618de925a62176cbc8372/2547
0;3;0,129;KPR;https://opensea.io/assets/ethereum/0xcb1021080b61dac7032618de925a62176cbc8372/2700
0;4;0,12;KPR;https://opensea.io/assets/ethereum/0xcb1021080b61dac7032618de925a62176cbc8372/2073
1;0;3,1;WMN;https://opensea.io/assets/ethereum/0xbee7cb80dfd21a9eaae714208f361601f68eb746/2925
1;1;1,99;WMN;https://opensea.io/assets/ethereum/0xbee7cb80dfd21a9eaae714208f361601f68eb746/3077
1;2;1,111;WMN;https://opensea.io/assets/ethereum/0xbee7cb80dfd21a9eaae714208f361601f68eb746/345
1;3;0,9;WMN;https://opensea.io/assets/ethereum/0xbee7cb80dfd21a9eaae714208f361601f68eb746/425
1;4;0,75;WMN;https://opensea.io/assets/ethereum/0xbee7cb80dfd21a9eaae714208f361601f68eb746/575
2;0;1;BST;https://opensea.io/assets/ethereum/0x495f947276749ce646f68ac8c248420045cb7b5e/55403408665547609189092792610750107765895786822855229620827418922871087431681
2;1;0,5;BST;https://opensea.io/assets/ethereum/0x495f947276749ce646f68ac8c248420045cb7b5e/55403408665547609189092792610750107765895786822855229620827418955856436264961
2;2;0,38;BST;https://opensea.io/assets/ethereum/0x495f947276749ce646f68ac8c248420045cb7b5e/55403408665547609189092792610750107765895786822855229620827418980045692076033
2;3;0,2;BST;https://opensea.io/assets/ethereum/0x495f947276749ce646f68ac8c248420045cb7b5e/55403408665547609189092792610750107765895786822855229620827418977846668820481
2;4;0,78;BST;https://opensea.io/assets/ethereum/0x495f947276749ce646f68ac8c248420045cb7b5e/55403408665547609189092792610750107765895786822855229620827419004234947887105
3;0;75;WHR;https://opensea.io/assets/ethereum/0x509a050f573be0d5e01a73c3726e17161729558b/121
3;1;55;WHR;https://opensea.io/assets/ethereum/0x495f947276749ce646f68ac8c248420045cb7b5e/71349417930267003648058267821921373972951788320258492784107927387291569356801
3;2;45;WHR;https://opensea.io/assets/ethereum/0x495f947276749ce646f68ac8c248420045cb7b5e/71349417930267003648058267821921373972951788320258492784107927481849569345537
3;3;28,75;WHR;https://opensea.io/assets/ethereum/0x495f947276749ce646f68ac8c248420045cb7b5e/71349417930267003648058267821921373972951788320258492784107927371898406567937
3;4;15;WHR;https://opensea.io/assets/ethereum/0x495f947276749ce646f68ac8c248420045cb7b5e/71349417930267003648058267821921373972951788320258492784107927377395964706817
4;0;1,2;THM;https://opensea.io/assets/ethereum/0x75d639e5e52b4ea5426f2fb46959b9c3099b729a/55
4;1;1;THM;https://opensea.io/assets/ethereum/0x75d639e5e52b4ea5426f2fb46959b9c3099b729a/1817
4;2;0,75;THM;https://opensea.io/assets/ethereum/0x75d639e5e52b4ea5426f2fb46959b9c3099b729a/864
4;3;0,5;THM;https://opensea.io/assets/ethereum/0x75d639e5e52b4ea5426f2fb46959b9c3099b729a/102
4;4;0,4207;THM;https://opensea.io/assets/ethereum/0x75d639e5e52b4ea5426f2fb46959b9c3099b729a/735
5;0;2;GRN;https://opensea.io/assets/ethereum/0x495f947276749ce646f68ac8c248420045cb7b5e/59404681870809906448390957325299961742928436828892721220786848696751521529857
5;1;1,2;GRN;https://opensea.io/assets/ethereum/0x495f947276749ce646f68ac8c248420045cb7b5e/59404681870809906448390957325299961742928436828892721220786848686855916879873
5;2;0,99;GRN;https://opensea.io/assets/ethereum/0x495f947276749ce646f68ac8c248420045cb7b5e/59404681870809906448390957325299961742928436828892721220786848694552498274305
5;3;0,69;GRN;https://opensea.io/assets/ethereum/0x495f947276749ce646f68ac8c248420045cb7b5e/59404681870809906448390957325299961742928436828892721220786848697851033157633
5;4;0,25;GRN;https://opensea.io/assets/ethereum/0x495f947276749ce646f68ac8c248420045cb7b5e/59404681870809906448390957325299961742928436828892721220786848722040288968705
6;0;1;BST;https://opensea.io/assets/ethereum/0x495f947276749ce646f68ac8c248420045cb7b5e/55403408665547609189092792610750107765895786822855229620827418923970599059457
6;1;0,8;BST;https://opensea.io/assets/ethereum/0x495f947276749ce646f68ac8c248420045cb7b5e/55403408665547609189092792610750107765895786822855229620827419017429087420417
6;2;0,68;BST;https://opensea.io/assets/ethereum/0x495f947276749ce646f68ac8c248420045cb7b5e/55403408665547609189092792610750107765895786822855229620827418914074994409473
6;3;0,5;BST;https://opensea.io/assets/ethereum/0x495f947276749ce646f68ac8c248420045cb7b5e/55403408665547609189092792610750107765895786822855229620827418960254482776065
6;4;0,349;BST;https://opensea.io/assets/ethereum/0x495f947276749ce646f68ac8c248420045cb7b5e/55403408665547609189092792610750107765895786822855229620827418950358878126081
7;0;2,5;WMN;https://opensea.io/assets/ethereum/0xbee7cb80dfd21a9eaae714208f361601f68eb746/1633
7;1;2,2;WMN;https://opensea.io/assets/ethereum/0xbee7cb80dfd21a9eaae714208f361601f68eb746/4163
7;2;1,65;WMN;https://opensea.io/assets/ethereum/0xbee7cb80dfd21a9eaae714208f361601f68eb746/3111
7;3;1,25;WMN;https://opensea.io/assets/ethereum/0xbee7cb80dfd21a9eaae714208f361601f68eb746/2946
7;4;0,98;WMN;https://opensea.io/assets/ethereum/0xbee7cb80dfd21a9eaae714208f361601f68eb746/607
8;0;130;JST;https://opensea.io/assets/ethereum/0x495f947276749ce646f68ac8c248420045cb7b5e/55009236754177688704712285819362994549214138196257374091251074558543295152129
8;1;100;JST;https://opensea.io/assets/ethereum/0x495f947276749ce646f68ac8c248420045cb7b5e/55009236754177688704712285819362994549214138196257374091251074633310085840897
8;2;69;JST;https://opensea.io/assets/ethereum/0x495f947276749ce646f68ac8c248420045cb7b5e/55009236754177688704712285819362994549214138196257374091251074579434016079873
8;3;49;JST;https://opensea.io/assets/ethereum/0x495f947276749ce646f68ac8c248420045cb7b5e/55009236754177688704712285819362994549214138196257374091251074586031085846529
8;4;30;JST;https://opensea.io/assets/ethereum/0x495f947276749ce646f68ac8c248420045cb7b5e/55009236754177688704712285819362994549214138196257374091251074533254527713281
9;0;100;JST;https://opensea.io/assets/ethereum/0x495f947276749ce646f68ac8c248420045cb7b5e/55009236754177688704712285819362994549214138196257374091251074535453550968833
9;1;85,69;JST;https://opensea.io/assets/ethereum/0x495f947276749ce646f68ac8c248420045cb7b5e/55009236754177688704712285819362994549214138196257374091251074534354039341057
9;2;55;JST;https://opensea.io/assets/ethereum/0x495f947276749ce646f68ac8c248420045cb7b5e/55009236754177688704712285819362994549214138196257374091251074568438899802113
9;3;40,666;JST;https://opensea.io/assets/ethereum/0x495f947276749ce646f68ac8c248420045cb7b5e/55009236754177688704712285819362994549214138196257374091251074540951109107713
9;4;4,5;JST;https://opensea.io/assets/ethereum/0x495f947276749ce646f68ac8c248420045cb7b5e/55009236754177688704712285819362994549214138196257374091251074634409597468673
10;0;1,38;PLT;https://opensea.io/assets/ethereum/0x495f947276749ce646f68ac8c248420045cb7b5e/65516321650962261828468021307236322859888157430154938982215518278090770874369
10;1;0,5;PLT;https://opensea.io/assets/ethereum/0x495f947276749ce646f68ac8c248420045cb7b5e/65516321650962261828468021307236322859888157430154938982215518295682956918785
10;2;0,39;PLT;https://opensea.io/assets/ethereum/0x495f947276749ce646f68ac8c248420045cb7b5e/65516321650962261828468021307236322859888157430154938982215518263797119713281
10;3;0,32;PLT;https://opensea.io/assets/ethereum/0x495f947276749ce646f68ac8c248420045cb7b5e/65516321650962261828468021307236322859888157430154938982215518276991259246593
10;4;0,3;PLT;https://opensea.io/assets/ethereum/0x495f947276749ce646f68ac8c248420045cb7b5e/65516321650962261828468021307236322859888157430154938982215518264896631341057
11;0;0,37;CLR;https://opensea.io/assets/ethereum/0x495f947276749ce646f68ac8c248420045cb7b5e/108114342104392653736314500859474189257367411327069604905681252803903456542721
11;1;0,295;CLR;https://opensea.io/assets/ethereum/0x495f947276749ce646f68ac8c248420045cb7b5e/108114342104392653736314500859474189257367411327069604905681252814898572820481
11;2;0,25;CLR;https://opensea.io/assets/ethereum/0x495f947276749ce646f68ac8c248420045cb7b5e/108114342104392653736314500859474189257367411327069604905681252809401014681601
11;3;0,15;CLR;https://opensea.io/assets/ethereum/0x495f947276749ce646f68ac8c248420045cb7b5e/108114342104392653736314500859474189257367411327069604905681252863277084442625
11;4;0,12;CLR;https://opensea.io/assets/ethereum/0x495f947276749ce646f68ac8c248420045cb7b5e/108114342104392653736314500859474189257367411327069604905681252812699549564929
12;0;0,48;THM;https://opensea.io/assets/ethereum/0x75d639e5e52b4ea5426f2fb46959b9c3099b729a/410
12;1;0,419;THM;https://opensea.io/assets/ethereum/0x75d639e5e52b4ea5426f2fb46959b9c3099b729a/376
12;2;0,339;THM;https://opensea.io/assets/ethereum/0x75d639e5e52b4ea5426f2fb46959b9c3099b729a/1025
12;3;0,25;THM;https://opensea.io/assets/ethereum/0x75d639e5e52b4ea5426f2fb46959b9c3099b729a/1484
12;4;0,2;THM;https://opensea.io/assets/ethereum/0x75d639e5e52b4ea5426f2fb46959b9c3099b729a/1401
13;0;0,05;BTF;https://opensea.io/assets/ethereum/0x495f947276749ce646f68ac8c248420045cb7b5e/108860796568578893723715456682185339363564317176296048185236173502090334699521
13;1;0,04;BTF;https://opensea.io/assets/ethereum/0x495f947276749ce646f68ac8c248420045cb7b5e/108860796568578893723715456682185339363564317176296048185236173518583009116161
13;2;0,32;BTF;https://opensea.io/assets/ethereum/0x495f947276749ce646f68ac8c248420045cb7b5e/108860796568578893723715456682185339363564317176296048185236173516383985860609
13;3;0,028;BTF;https://opensea.io/assets/ethereum/0x495f947276749ce646f68ac8c248420045cb7b5e/108860796568578893723715456682185339363564317176296048185236173517483497488385
13;4;0,026;BTF;https://opensea.io/assets/ethereum/0x495f947276749ce646f68ac8c248420045cb7b5e/108860796568578893723715456682185339363564317176296048185236173509786916093953
14;0;70;WHR;https://opensea.io/assets/ethereum/0x509a050f573be0d5e01a73c3726e17161729558b/123
14;1;60;WHR;https://opensea.io/assets/ethereum/0x495f947276749ce646f68ac8c248420045cb7b5e/71349417930267003648058267821921373972951788320258492784107927351007685640193
14;2;47;WHR;https://opensea.io/assets/ethereum/0x509a050f573be0d5e01a73c3726e17161729558b/64
14;3;40;WHR;https://opensea.io/assets/ethereum/0x509a050f573be0d5e01a73c3726e17161729558b/104
14;4;29,37;WHR;https://opensea.io/assets/ethereum/0x495f947276749ce646f68ac8c248420045cb7b5e/71349417930267003648058267821921373972951788320258492784107927381794011217921
15;0;0,1;TYL;https://opensea.io/assets/ethereum/0x495f947276749ce646f68ac8c248420045cb7b5e/25828147237821198195018353565513715926828886605696715423323237841013579972618
15;1;0,1;TYL;https://opensea.io/assets/ethereum/0x495f947276749ce646f68ac8c248420045cb7b5e/25828147237821198195018353565513715926828886605696715423323237775042882306058
15;2;0,1;TYL;https://opensea.io/assets/ethereum/0x495f947276749ce646f68ac8c248420045cb7b5e/25828147237821198195018353565513715926828886605696715423323237773943370678275
15;3;0,9;TYL;https://opensea.io/assets/ethereum/0x495f947276749ce646f68ac8c248420045cb7b5e/25828147237821198195018353565513715926828886605696715423323237836615533461514
15;4;0,9;TYL;https://opensea.io/assets/ethereum/0x495f947276749ce646f68ac8c248420045cb7b5e/25828147237821198195018353565513715926828886605696715423323237837715045089290
16;0;0,25;DSR;https://opensea.io/assets/ethereum/0x495f947276749ce646f68ac8c248420045cb7b5e/95894039270700875555411113318266458536387426195495690753692849679326131519489
16;1;0,25;DSR;https://opensea.io/assets/ethereum/0x495f947276749ce646f68ac8c248420045cb7b5e/95894039270700875555411113318266458536387426195495690753692849680425643147265
16;2;0,25;DSR;https://opensea.io/assets/ethereum/0x495f947276749ce646f68ac8c248420045cb7b5e/95894039270700875555411113318266458536387426195495690753692849662833457102849
16;3;0,25;DSR;https://opensea.io/assets/ethereum/0x495f947276749ce646f68ac8c248420045cb7b5e/95894039270700875555411113318266458536387426195495690753692849674928085008385
16;4;0,25;DSR;https://opensea.io/assets/ethereum/0x495f947276749ce646f68ac8c248420045cb7b5e/95894039270700875555411113318266458536387426195495690753692849660634433847297
17;0;0,21;DSR;https://opensea.io/assets/ethereum/0x495f947276749ce646f68ac8c248420045cb7b5e/95894039270700875555411113318266458536387426195495690753692849676027596636161
17;1;0,21;DSR;https://opensea.io/assets/ethereum/0x495f947276749ce646f68ac8c248420045cb7b5e/95894039270700875555411113318266458536387426195495690753692849681525154775041
17;2;0,21;DSR;https://opensea.io/assets/ethereum/0x495f947276749ce646f68ac8c248420045cb7b5e/95894039270700875555411113318266458536387426195495690753692849661733945475073
17;3;0,2;DSR;https://opensea.io/assets/ethereum/0x495f947276749ce646f68ac8c248420045cb7b5e/95894039270700875555411113318266458536387426195495690753692849670530038497281
17;4;0,2;DSR;https://opensea.io/assets/ethereum/0x495f947276749ce646f68ac8c248420045cb7b5e/95894039270700875555411113318266458536387426195495690753692849692520271052801
18;0;0,25;SPR;https://opensea.io/assets/ethereum/0x495f947276749ce646f68ac8c248420045cb7b5e/36388733735061083786475834014155955711748965200924391160511104840630389440513
18;1;0,25;SPR;https://opensea.io/assets/ethereum/0x495f947276749ce646f68ac8c248420045cb7b5e/36388733735061083786475834014155955711748965200924391160511104839530877812737
18;2;0,25;SPR;https://opensea.io/assets/ethereum/0x495f947276749ce646f68ac8c248420045cb7b5e/36388733735061083786475834014155955711748965200924391160511104845028435951617
18;3;0,25;SPR;https://opensea.io/assets/ethereum/0x495f947276749ce646f68ac8c248420045cb7b5e/36388733735061083786475834014155955711748965200924391160511104842829412696065
18;4;0,25;SPR;https://opensea.io/assets/ethereum/0x495f947276749ce646f68ac8c248420045cb7b5e/36388733735061083786475834014155955711748965200924391160511104838431366184961
19;0;0,88;WMN;https://opensea.io/assets/ethereum/0xbee7cb80dfd21a9eaae714208f361601f68eb746/6294
19;1;0,88;WMN;https://opensea.io/assets/ethereum/0xbee7cb80dfd21a9eaae714208f361601f68eb746/563
19;2;0,88;WMN;https://opensea.io/assets/ethereum/0xbee7cb80dfd21a9eaae714208f361601f68eb746/389
19;3;0,88;WMN;https://opensea.io/assets/ethereum/0xbee7cb80dfd21a9eaae714208f361601f68eb746/335
19;4;0,88;WMN;https://opensea.io/assets/ethereum/0xbee7cb80dfd21a9eaae714208f361601f68eb746/591
